uniqueID,AnimationName,Timestamp
0,Left180_1,0,
1,Left180_1,0.01712135,
2,Left180_1,0.03412229,
3,Left180_1,0.05351546,
4,Left180_1,0.08813357,
5,Left180_1,0.1051491,
6,Left180_1,0.122098,
7,Left180_1,0.1391277,
8,Left180_1,0.15612,
9,Left180_1,0.1730901,
10,Left180_1,0.1900998,
11,Left180_1,0.229196,
12,Left180_1,0.2461456,
13,Left180_1,0.2630952,
14,Left180_1,0.28008,
15,Left180_1,0.2970647,
16,Left180_1,0.3142251,
17,Left180_1,0.3482274,
18,Left180_1,0.3674469,
19,Left180_1,0.3843977,
20,Left180_1,0.4013466,
21,Left180_1,0.4182958,
22,Left180_1,0.4352462,
23,Left180_1,0.4691435,
24,Left180_1,0.4861203,
25,Left180_1,0.5030692,
26,Left180_1,0.5219263,
27,Left180_1,0.5390954,
28,Left180_1,0.5560715,
29,Left180_1,0.5730799,
30,Left180_1,0.6070877,
31,Left180_1,0.624065,
32,Left180_1,0.6410577,
33,Left180_1,0.6581482,
34,Left180_1,0.6773539,
35,Left180_1,0.6943058,
36,Left180_1,0.7282032,
37,Left180_1,0.7451528,
38,Left180_1,0.7621017,
39,Left180_1,0.7790509,
40,Left180_1,0.7959997,
41,Left180_1,0.812968,
42,Left180_1,0.8492547,
43,Left180_1,0.8662048,
44,Left180_1,0.8831532,
45,Left180_1,0.9001024,
46,Left180_1,0.9170517,
47,Left180_1,0.9340017,
48,Left180_1,0.9679124,
49,Left180_1,0.9862579,
50,Left180_1,1.003208,
51,Left180_1,1.020159,
52,Left180_1,1.037757,
53,Left180_1,1.054908,
54,Left180_1,1.088804,
55,Left180_1,1.105803,
56,Left180_1,1.122827,
57,Left180_1,1.141626,
58,Left180_1,1.15879,
59,Left180_1,1.175727,
60,Left180_1,1.209763,
61,Left180_1,1.226722,
62,Left180_1,1.243671,
63,Left180_1,1.260621,
64,Left180_1,1.277569,
65,Left180_1,1.295942,
66,Left180_1,1.329843,
67,Left180_1,1.346795,
68,Left180_1,1.363743,
69,Left180_1,1.38069,
70,Left180_1,1.397764,
71,Left180_1,1.414728,
72,Left180_1,1.431728,
73,Left180_1,1.468088,
74,Left180_1,1.485708,
75,Left180_1,1.502746,
76,Left180_1,1.519736,
77,Left180_1,1.536757,
78,Left180_1,1.553735,
79,Left180_1,1.587749,
80,Left180_1,1.607398,
81,Left180_1,1.624349,
82,Left180_1,1.641297,
83,Left180_1,1.658248,
84,Left180_1,1.675197,
85,Left180_1,1.709094,
86,Left180_1,1.726044,
87,Left180_1,1.742993,
88,Left180_1,1.761879,
89,Left180_1,1.778838,
90,Left180_1,1.79578,
91,Left180_1,1.829702,
92,Left180_1,1.846724,
93,Left180_1,1.863673,
94,Left180_1,1.88068,
95,Left180_1,1.897629,
96,Left180_1,1.917343,
97,Left180_1,1.934294,
98,Left180_1,1.968606,
99,Left180_1,1.985556,
100,Left180_1,2.00267,
101,Left180_1,2.019621,
102,Left180_1,2.036588,
103,Left180_1,2.05354,
104,Left180_1,2.089072,
105,Left180_1,2.106022,
106,Left180_1,2.122971,
107,Left180_1,2.13992,
108,Left180_1,2.156869,
109,Left180_1,2.174651,
110,Left180_1,2.208613,
111,Left180_1,2.227176,
112,Left180_1,2.244548,
113,Left180_1,2.261588,
114,Left180_1,2.278535,
115,Left180_1,2.295522,
116,Left180_1,2.32952,
117,Left180_1,2.346522,
118,Left180_1,2.363497,
119,Left180_1,2.383273,
120,Left180_1,2.400477,
121,Left180_1,2.417478,
122,Left180_1,2.434474,
123,Left180_1,2.468445,
124,Left180_1,2.468445,
125,Left180_1,2.498176,
126,Left180_1,2.515126,
127,Left180_1,2.534327,
128,Left180_1,2.568227,
129,Left180_1,2.585373,
130,Left180_1,2.602339,
131,Left180_1,2.619288,
132,Left180_1,2.636349,
133,Left180_1,2.653307,
134,Left180_1,2.688843,
135,Left180_1,2.705794,
136,Left180_1,2.722743,
137,Left180_2,0,
138,Left180_2,0.01698318,
139,Left180_2,0.03394978,
140,Left180_2,0.06799272,
141,Left180_2,0.06799272,
142,Left180_2,0.09220468,
143,Left180_2,0.1261027,
144,Left180_2,0.1430528,
145,Left180_2,0.1600016,
146,Left180_2,0.1769508,
147,Left180_2,0.193938,
148,Left180_2,0.2279596,
149,Left180_2,0.2468905,
150,Left180_2,0.2639412,
151,Left180_2,0.2809315,
152,Left180_2,0.2979664,
153,Left180_2,0.3149164,
154,Left180_2,0.3318885,
155,Left180_2,0.3658817,
156,Left180_2,0.3828566,
157,Left180_2,0.4031202,
158,Left180_2,0.4201788,
159,Left180_2,0.4371292,
160,Left180_2,0.4541684,
161,Left180_2,0.4880669,
162,Left180_2,0.505041,
163,Left180_2,0.5220411,
164,Left180_2,0.5390626,
165,Left180_2,0.5578502,
166,Left180_2,0.5750339,
167,Left180_2,0.591993,
168,Left180_2,0.6259775,
169,Left180_2,0.6429847,
170,Left180_2,0.6599628,
171,Left180_2,0.6769471,
172,Left180_2,0.6939599,
173,Left180_2,0.7141683,
174,Left180_2,0.7480683,
175,Left180_2,0.7650167,
176,Left180_2,0.7819656,
177,Left180_2,0.7989499,
178,Left180_2,0.8159098,
179,Left180_2,0.832859,
180,Left180_2,0.8498868,
181,Left180_2,0.8859299,
182,Left180_2,0.9028776,
183,Left180_2,0.9199197,
184,Left180_2,0.9369001,
185,Left180_2,0.9538332,
186,Left180_2,0.9877964,
187,Left180_2,1.004746,
188,Left180_2,1.023174,
189,Left180_2,1.040803,
190,Left180_2,1.057829,
191,Left180_2,1.074775,
192,Left180_2,1.091765,
193,Left180_2,1.125744,
194,Left180_2,1.142782,
195,Left180_2,1.15973,
196,Left180_2,1.178667,
197,Left180_2,1.195712,
198,Left180_2,1.212715,
199,Left180_2,1.246677,
200,Left180_2,1.263678,
201,Left180_2,1.280627,
202,Left180_2,1.297658,
203,Left180_2,1.31465,
204,Left180_2,1.333552,
205,Left180_2,1.367584,
206,Left180_2,1.384593,
207,Left180_2,1.401586,
208,Left180_2,1.418573,
209,Left180_2,1.435595,
210,Left180_2,1.452544,
211,Left180_2,1.469493,
212,Left180_2,1.507575,
213,Left180_2,1.524524,
214,Left180_2,1.54156,
215,Left180_2,1.558558,
216,Left180_2,1.5756,
217,Left180_2,1.592551,
218,Left180_2,1.626531,
219,Left180_2,1.645928,
220,Left180_2,1.662879,
221,Left180_2,1.680468,
222,Left180_2,1.697405,
223,Left180_2,1.714357,
224,Left180_2,1.731488,
225,Left180_2,1.765452,
226,Left180_2,1.782466,
227,Left180_2,1.801352,
228,Left180_2,1.8184,
229,Left180_2,1.835388,
230,Left180_2,1.85237,
231,Left180_2,1.88635,
232,Left180_2,1.903425,
233,Left180_2,1.920372,
234,Left180_2,1.937323,
235,Left180_2,1.957571,
236,Left180_2,1.974526,
237,Left180_2,1.991471,
238,Left180_2,2.025369,
239,Left180_2,2.042318,
240,Left180_2,2.059275,
241,Left180_2,2.076278,
242,Left180_2,2.093313,
243,Left180_2,2.113552,
244,Left180_2,2.148333,
245,Left180_2,2.16528,
246,Left180_2,2.182298,
247,Left180_2,2.199247,
248,Left180_2,2.216352,
249,Left180_2,2.233394,
250,Left180_2,2.250342,
251,Left180_3,0,
252,Left180_3,0.01695002,
253,Left180_3,0.03783734,
254,Left180_3,0.05478776,
255,Left180_3,0.07173856,
256,Left180_3,0.0886874,
257,Left180_3,0.1226072,
258,Left180_3,0.1395809,
259,Left180_3,0.1565696,
260,Left180_3,0.1735192,
261,Left180_3,0.2033553,
262,Left180_3,0.2203045,
263,Left180_3,0.2372549,
264,Left180_3,0.2542045,
265,Left180_3,0.2712765,
266,Left180_3,0.2882203,
267,Left180_3,0.3221897,
268,Left180_3,0.3442886,
269,Left180_3,0.361239,
270,Left180_3,0.378195,
271,Left180_3,0.3951718,
272,Left180_3,0.412136,
273,Left180_3,0.4291425,
274,Left180_3,0.4630658,
275,Left180_3,0.4801173,
276,Left180_3,0.5014448,
277,Left180_3,0.518396,
278,Left180_3,0.5353441,
279,Left180_3,0.5522949,
280,Left180_3,0.5692425,
281,Left180_3,0.6031441,
282,Left180_3,0.6200922,
283,Left180_3,0.637041,
284,Left180_3,0.6562332,
285,Left180_3,0.6731856,
286,Left180_3,0.6901325,
287,Left180_3,0.7240313,
288,Left180_3,0.7409825,
289,Left180_3,0.7579496,
290,Left180_3,0.7749809,
291,Left180_3,0.7919609,
292,Left180_3,0.8123469,
293,Left180_3,0.8292946,
294,Left180_3,0.8639449,
295,Left180_3,0.8809001,
296,Left180_3,0.8978719,
297,Left180_3,0.9148981,
298,Left180_3,0.9318473,
299,Left180_3,0.9631934,
300,Left180_3,0.9833227,
301,Left180_3,1.000831,
302,Left180_3,1.017798,
303,Left180_3,1.034807,
304,Left180_3,1.051784,
305,Left180_3,1.06877,
306,Left180_3,1.102767,
307,Left180_3,1.119758,
308,Left180_3,1.138845,
309,Left180_3,1.155795,
310,Left180_3,1.172744,
311,Left180_3,1.189715,
312,Left180_3,1.223727,
313,Left180_3,1.240729,
314,Left180_3,1.257705,
315,Left180_3,1.274769,
316,Left180_3,1.295895,
317,Left180_3,1.312846,
318,Left180_3,1.329796,
319,Left180_3,1.363744,
320,Left180_3,1.380708,
321,Left180_3,1.397658,
322,Left180_3,1.41471,
323,Left180_3,1.431709,
324,Left180_3,1.450551,
325,Left180_3,1.467679,
326,Left180_3,1.501702,
327,Left180_3,1.518683,
328,Left180_3,1.535644,
329,Left180_3,1.552745,
330,Left180_3,1.569693,
331,Left180_3,1.586705,
332,Left180_3,1.623699,
333,Left180_3,1.64065,
334,Left180_3,1.657666,
335,Left180_3,1.674681,
336,Left180_3,1.691728,
337,Left180_3,1.708733,
338,Left180_3,1.742737,
339,Left180_3,1.763214,
340,Left180_3,1.780165,
341,Left180_3,1.797673,
342,Left180_3,1.814683,
343,Left180_3,1.831631,
344,Left180_3,1.848634,
345,Left180_3,1.882627,
346,Left180_3,1.899598,
347,Left180_3,1.918414,
348,Left180_3,1.93558,
349,Left180_3,1.952572,
350,Left180_3,1.969598,
351,Left180_3,2.00361,
352,Left180_3,2.02058,
353,Left180_3,2.037576,
354,Left180_3,2.054565,
355,Left180_3,2.073981,
356,Left180_3,2.090932,
357,Left180_3,2.107881,
358,Left180_3,2.14178,
359,Left180_3,2.15873,
360,Left180_3,2.17582,
361,Left180_3,2.192874,
362,Left180_3,2.209858,
363,Left180_3,2.229918,
364,Left180_3,2.263843,
365,Left180_3,2.280847,
366,Left180_3,2.297814,
367,Left180_3,2.314808,
368,Left180_3,2.331837,
369,Left180_3,2.348798,
370,Left180_3,2.365805,
371,Right180_1,0.0169741,
372,Right180_1,0.03395018,
373,Right180_1,0.05094007,
374,Right180_1,0.06795049,
375,Right180_1,0.08492341,
376,Right180_1,0.1044693,
377,Right180_1,0.1219274,
378,Right180_1,0.155895,
379,Right180_1,0.1728924,
380,Right180_1,0.1898503,
381,Right180_1,0.2068366,
382,Right180_1,0.2238608,
383,Right180_1,0.2408192,
384,Right180_1,0.2608814,
385,Right180_1,0.2949153,
386,Right180_1,0.3118874,
387,Right180_1,0.3289863,
388,Right180_1,0.3459371,
389,Right180_1,0.3628887,
390,Right180_1,0.3968709,
391,Right180_1,0.4166256,
392,Right180_1,0.4338895,
393,Right180_1,0.4508514,
394,Right180_1,0.4678602,
395,Right180_1,0.4848169,
396,Right180_1,0.5018301,
397,Right180_1,0.5358379,
398,Right180_1,0.5528467,
399,Right180_1,0.5726982,
400,Right180_1,0.589784,
401,Right180_1,0.6067337,
402,Right180_1,0.6243106,
403,Right180_1,0.6412622,
404,Right180_1,0.6752341,
405,Right180_1,0.6921809,
406,Right180_1,0.7092711,
407,Right180_1,0.7286433,
408,Right180_1,0.745593,
409,Right180_1,0.7625425,
410,Right180_1,0.7972124,
411,Right180_1,0.8141968,
412,Right180_1,0.8311772,
413,Right180_1,0.8481959,
414,Right180_1,0.8652241,
415,Right180_1,0.8851167,
416,Right180_1,0.9022393,
417,Right180_1,0.9362016,
418,Right180_1,0.9531738,
419,Right180_1,0.9701787,
420,Right180_1,0.9871619,
421,Right180_1,1.004142,
422,Right180_1,1.021092,
423,Right180_1,1.041016,
424,Right180_1,1.075197,
425,Right180_1,1.092147,
426,Right180_1,1.109093,
427,Right180_1,1.126103,
428,Right180_1,1.143152,
429,Right180_1,1.177109,
430,Right180_1,1.196871,
431,Right180_1,1.214191,
432,Right180_1,1.231128,
433,Right180_1,1.248169,
434,Right180_1,1.265161,
435,Right180_1,1.282162,
436,Right180_1,1.316158,
437,Right180_1,1.333143,
438,Right180_1,1.35418,
439,Right180_1,1.371129,
440,Right180_1,1.388141,
441,Right180_1,1.405091,
442,Right180_1,1.422048,
443,Right180_1,1.456622,
444,Right180_1,1.47357,
445,Right180_1,1.490613,
446,Right180_1,1.510738,
447,Right180_1,1.527687,
448,Right180_1,1.544637,
449,Right180_1,1.56171,
450,Right180_1,1.595696,
451,Right180_1,1.612705,
452,Right180_1,1.629686,
453,Right180_1,1.646684,
454,Right180_1,1.667227,
455,Right180_1,1.684182,
456,Right180_1,1.701128,
457,Right180_1,1.7357,
458,Right180_1,1.752649,
459,Right180_1,1.7696,
460,Right180_1,1.786713,
461,Right180_1,1.803753,
462,Right180_1,1.823274,
463,Right180_1,1.840224,
464,Right180_1,1.874697,
465,Right180_1,1.89169,
466,Right180_1,1.90865,
467,Right180_1,1.925655,
468,Right180_1,1.942646,
469,Right180_1,1.959595,
470,Right180_1,1.980313,
471,Right180_1,2.014595,
472,Right180_1,2.031656,
473,Right180_1,2.048658,
474,Right180_1,2.065616,
475,Right180_1,2.082622,
476,Right180_1,2.116616,
477,Right180_1,2.135833,
478,Right180_1,2.152783,
479,Right180_2,0,
480,Right180_2,0.01703529,
481,Right180_2,0.05096455,
482,Right180_2,0.06796786,
483,Right180_2,0.08850069,
484,Right180_2,0.1054503,
485,Right180_2,0.1229258,
486,Right180_2,0.139875,
487,Right180_2,0.1572924,
488,Right180_2,0.1912971,
489,Right180_2,0.2082443,
490,Right180_2,0.2251939,
491,Right180_2,0.2458156,
492,Right180_2,0.2627656,
493,Right180_2,0.2797145,
494,Right180_2,0.2972456,
495,Right180_2,0.3312439,
496,Right180_2,0.3481908,
497,Right180_2,0.3651558,
498,Right180_2,0.382122,
499,Right180_2,0.403843,
500,Right180_2,0.4207934,
501,Right180_2,0.437745,
502,Right180_2,0.4716415,
503,Right180_2,0.4885904,
504,Right180_2,0.5055411,
505,Right180_2,0.5224884,
506,Right180_2,0.5394377,
507,Right180_2,0.5589054,
508,Right180_2,0.5761381,
509,Right180_2,0.6101049,
510,Right180_2,0.6271042,
511,Right180_2,0.644085,
512,Right180_2,0.6610516,
513,Right180_2,0.6780731,
514,Right180_2,0.6951321,
515,Right180_2,0.7169361,
516,Right180_2,0.7510651,
517,Right180_2,0.7680131,
518,Right180_2,0.7850583,
519,Right180_2,0.8020549,
520,Right180_2,0.819027,
521,Right180_2,0.8360043,
522,Right180_2,0.8530821,
523,Right180_2,0.8910019,
524,Right180_2,0.9079658,
525,Right180_2,0.9249687,
526,Right180_2,0.9419721,
527,Right180_2,0.9589655,
528,Right180_2,0.9759566,
529,Right180_2,1.009936,
530,Right180_2,1.030537,
531,Right180_2,1.047485,
532,Right180_2,1.065023,
533,Right180_2,1.082029,
534,Right180_2,1.099059,
535,Right180_2,1.115999,
536,Right180_2,1.150057,
537,Right180_2,1.167029,
538,Right180_2,1.18665,
539,Right180_2,1.203604,
540,Right180_2,1.220552,
541,Right180_2,1.237501,
542,Right180_2,1.27195,
543,Right180_2,1.289002,
544,Right180_2,1.305979,
545,Right180_2,1.322997,
546,Right180_2,1.344139,
547,Right180_2,1.36109,
548,Right180_2,1.378038,
549,Right180_2,1.412019,
550,Right180_2,1.428985,
551,Right180_2,1.445983,
552,Right180_2,1.462978,
553,Right180_2,1.479984,
554,Right180_2,1.500365,
555,Right180_2,1.518008,
556,Right180_2,1.551962,
557,Right180_2,1.568903,
558,Right180_2,1.585921,
559,Right180_2,1.60299,
560,Right180_2,1.61998,
561,Right180_2,1.636936,
562,Right180_2,1.658102,
563,Right180_2,1.692002,
564,Right180_2,1.708952,
565,Right180_2,1.725899,
566,Right180_2,1.742868,
567,Right180_2,1.759888,
568,Right180_2,1.776868,
569,Right180_2,1.793841,
570,Right180_2,1.83134,
571,Right180_2,1.848287,
572,Right180_2,1.865789,
573,Right180_2,1.882792,
574,Right180_2,1.899742,
575,Right180_2,1.9168,
576,Right180_2,1.950791,
577,Right180_2,1.970907,
578,Right180_2,1.987857,
579,Right180_2,2.004807,
580,Right180_2,2.021774,
581,Right180_2,2.038734,
582,Right180_2,2.055701,
583,Right180_2,2.089707,
584,Right180_2,2.106655,
585,Right180_2,2.12633,
586,Right180_2,2.143733,
587,Right180_2,2.160709,
588,Right180_2,2.177658,
589,Right180_2,2.211681,
590,Right180_2,2.228685,
591,Right180_2,2.245633,
592,Right180_2,2.262602,
593,Right180_2,2.283788,
594,Right180_2,2.300738,
595,Right180_2,2.317687,
596,Right180_2,2.351587,
597,Right180_2,2.368565,
598,Right180_2,2.385563,
599,Right180_2,2.402552,
600,Right180_2,2.419557,
601,Right180_2,2.439483,
602,Right180_2,2.45652,
603,Right180_3,0,
604,Right180_3,0.03404255,
605,Right180_3,0.05099218,
606,Right180_3,0.06794181,
607,Right180_3,0.08543067,
608,Right180_3,0.1024218,
609,Right180_3,0.1194555,
610,Right180_3,0.1534688,
611,Right180_3,0.1534688,
612,Right180_3,0.1929159,
613,Right180_3,0.2104277,
614,Right180_3,0.2274156,
615,Right180_3,0.2444229,
616,Right180_3,0.2614171,
617,Right180_3,0.2783968,
618,Right180_3,0.3123947,
619,Right180_3,0.3324897,
620,Right180_3,0.3494402,
621,Right180_3,0.3663977,
622,Right180_3,0.3833891,
623,Right180_3,0.4003403,
624,Right180_3,0.4344251,
625,Right180_3,0.4513814,
626,Right180_3,0.4683374,
627,Right180_3,0.4895211,
628,Right180_3,0.5064732,
629,Right180_3,0.5234216,
630,Right180_3,0.5406981,
631,Right180_3,0.5576623,
632,Right180_3,0.5916871,
633,Right180_3,0.6087434,
634,Right180_3,0.6257001,
635,Right180_3,0.6465582,
636,Right180_3,0.6635133,
637,Right180_3,0.6804578,
638,Right180_3,0.6977071,
639,Right180_3,0.7316659,
640,Right180_3,0.7486708,
641,Right180_3,0.7656497,
642,Right180_3,0.7826464,
643,Right180_3,0.8027847,
644,Right180_3,0.8197348,
645,Right180_3,0.8543577,
646,Right180_3,0.8716148,
647,Right180_3,0.8885929,
648,Right180_3,0.9055843,
649,Right180_3,0.9225821,
650,Right180_3,0.939529,
651,Right180_3,0.9601511,
652,Right180_3,0.994571,
653,Right180_3,1.011553,
654,Right180_3,1.028533,
655,Right180_3,1.045556,
656,Right180_3,1.062521,
657,Right180_3,1.079476,
658,Right180_3,1.09653,
659,Right180_3,1.133495,
660,Right180_3,1.150526,
661,Right180_3,1.167474,
662,Right180_3,1.18451,
663,Right180_3,1.201459,
664,Right180_3,1.218483,
665,Right180_3,1.252471,
666,Right180_3,1.273213,
667,Right180_3,1.290163,
668,Right180_3,1.307449,
669,Right180_3,1.325002,
670,Right180_3,1.341952,
671,Right180_3,1.358941,
672,Right180_3,1.392921,
673,Right180_3,1.409888,
674,Right180_3,1.431224,
675,Right180_3,1.448176,
676,Right180_3,1.465125,
677,Right180_3,1.482878,
678,Right180_3,1.499906,
679,Right180_3,1.533804,
680,Right180_3,1.550753,
681,Right180_3,1.56783,
682,Right180_3,1.587765,
683,Right180_3,1.604843,
684,Right180_3,1.621815,
685,Right180_3,1.638801,
686,Right180_3,1.672784,
687,Right180_3,1.689787,
688,Right180_3,1.706762,
689,Right180_3,1.723713,
690,Right180_3,1.745182,
691,Right180_3,1.762133,
692,Right180_3,1.779081,
693,Right180_3,1.81298,
694,Right180_3,1.82993,
695,Right180_3,1.846878,
696,Right180_3,1.863828,
697,Right180_3,1.88078,
698,Right180_3,1.903037,
699,Right180_3,1.920733,
700,Right180_3,1.937706,
701,Right180_3,1.971699,
702,Right180_3,1.988648,
703,Right180_3,2.005751,
704,Right180_3,2.022797,
705,Right180_3,2.039819,
706,Right180_3,2.062042,
707,Right180_3,2.078992,
708,Right180_3,2.112891,
709,Right180_3,2.12984,
710,Right180_3,2.146789,
711,Right180_3,2.163738,
712,Right180_3,2.180689,
713,Right180_3,2.197736,
714,Right180_3,2.218642,
715,Right180_3,2.252707,
716,Right180_3,2.269654,
717,Right180_3,2.286681,
718,Right180_3,2.303672,
719,Right180_3,2.320661,
720,Right180_3,2.337787,
721,Right180_3,2.354732,
722,Right180_3,2.380294,
723,Right180_3,2.397246,
724,Right180_3,2.431601,
725,Right180_3,2.448597,
726,Right180_3,2.465546,
727,Right180_3,2.482574,
728,Right180_3,2.499579,
729,Right180_3,2.516542,
730,Right180_3,2.554524,
731,Right180_3,2.571516,
732,Right180_3,2.588488,
733,Right180_3,2.605436,
734,Right180_3,2.622479,
735,Right180_3,2.639525,
736,Right180_3,2.673467,
737,Right180_3,2.673467,
738,Right180_3,2.673467,
739,Right180_3,2.732446,
740,Right180_3,2.749425,
741,Right180_3,2.766388,
742,Right180_3,2.783334,
743,Right180_3,2.800283,
744,Right180_3,2.834342,
745,Right180_3,2.854292,
746,Right180_3,2.871363,
747,Right180_3,2.888345,
748,Right180_3,2.905394,
749,Right180_3,2.922349,
750,Right180_3,2.939361,
751,Walkforard3,0.01706648,
752,Walkforard3,0.03403347,
753,Walkforard3,0.05105968,
754,Walkforard3,0.06806853,
755,Walkforard3,0.08501776,
756,Walkforard3,0.1019867,
757,Walkforard3,0.1359906,
758,Walkforard3,0.1529331,
759,Walkforard3,0.1698808,
760,Walkforard3,0.190401,
761,Walkforard3,0.2073534,
762,Walkforard3,0.2249015,
763,Walkforard3,0.241885,
764,Walkforard3,0.2758818,
765,Walkforard3,0.2929108,
766,Walkforard3,0.309905,
767,Walkforard3,0.3268577,
768,Walkforard3,0.347325,
769,Walkforard3,0.3642747,
770,Walkforard3,0.3818618,
771,Walkforard3,0.4158491,
772,Walkforard3,0.432796,
773,Walkforard3,0.449782,
774,Walkforard3,0.4667335,
775,Walkforard3,0.4837736,
776,Walkforard3,0.5052388,
777,Walkforard3,0.5221893,
778,Walkforard3,0.5560873,
779,Walkforard3,0.5730377,
780,Walkforard3,0.5899854,
781,Walkforard3,0.6069354,
782,Walkforard3,0.6238846,
783,Walkforard3,0.6408335,
784,Walkforard3,0.6607453,
785,Walkforard3,0.6946983,
786,Walkforard3,0.7116909,
787,Walkforard3,0.7287281,
788,Walkforard3,0.7457188,
789,Walkforard3,0.7627059,
790,Walkforard3,0.7966858,
791,Walkforard3,0.7966858,
792,Walkforard3,0.8356632,
793,Walkforard3,0.852657,
794,Walkforard3,0.869701,
795,Walkforard3,0.8866707,
796,Walkforard3,0.9036188,
797,Walkforard3,0.9206043,
798,Walkforard3,0.9545983,
799,Walkforard3,0.9771902,
800,Walkforard3,0.9946203,
801,Walkforard3,1.011685,
802,Walkforard3,1.028684,
803,Walkforard3,1.045687,
804,Walkforard3,1.062637,
805,Walkforard3,1.096784,
806,Walkforard3,1.113733,
807,Walkforard3,1.134364,
808,Walkforard3,1.151651,
809,Walkforard3,1.168605,
810,Walkforard3,1.185597,
811,Walkforard3,1.202601,
812,Walkforard3,1.236616,
813,Walkforard3,1.253555,
814,Walkforard3,1.270584,
815,Walkforard3,1.290497,
816,Walkforard3,1.307554,
817,Walkforard3,1.324524,
818,Walkforard3,1.341502,
819,Walkforard3,1.375522,
820,Walkforard3,1.392511,
821,Walkforard3,1.40951,
822,Walkforard3,1.4265,
823,Walkforard3,1.447339,
824,Walkforard3,1.464522,
825,Walkforard3,1.481467,
826,Walkforard3,1.515415,
827,Walkforard3,1.532453,
828,Walkforard3,1.549469,
829,Walkforard3,1.566477,
830,Walkforard3,1.583413,
831,Walkforard3,1.60542,
832,Walkforard3,1.622424,
833,Walkforard3,1.656393,
834,Walkforard3,1.673375,
835,Walkforard3,1.690365,
836,Walkforard3,1.707406,
837,Walkforard3,1.724458,
838,Walkforard3,1.741406,
839,Walkforard3,1.762047,
840,Walkforard3,1.796309,
841,Walkforard3,1.813259,
842,Walkforard3,1.830343,
843,Walkforard3,1.847334,
844,Walkforard3,1.864349,
845,Walkforard3,1.881376,
846,Walkforard3,1.898324,
847,Walkforard3,1.936554,
848,Walkforard3,1.954363,
849,Walkforard3,1.971312,
850,Walkforard3,1.98837,
851,Walkforard3,2.00532,
852,Walkforard3,2.022306,
853,Walkforard3,2.056301,
854,Walkforard3,2.07632,
855,Walkforard3,2.093271,
856,Walkforard3,2.110249,
857,Walkforard3,2.127237,
858,Walkforard3,2.144225,
859,Walkforard3,2.161226,
860,Walkforard3,2.195206,
861,Walkforard3,2.212201,
862,Walkforard3,2.236618,
863,Walkforard3,2.254177,
864,Walkforard3,2.271138,
865,Walkforard3,2.288143,
866,Walkforard3,2.305114,
867,Walkforard3,2.322175,
868,Walkforard3,2.356117,
869,Walkforard3,2.373067,
870,Walkforard3,2.393606,
871,Walkforard3,2.411157,
872,Walkforard3,2.428104,
873,Walkforard3,2.445188,
874,Walkforard3,2.462137,
875,Walkforard3,2.496214,
876,Walkforward1,0,
877,Walkforward1,0.01701674,
878,Walkforward1,0.03400781,
879,Walkforward1,0.06797615,
880,Walkforward1,0.0849767,
881,Walkforward1,0.1019646,
882,Walkforward1,0.1289793,
883,Walkforward1,0.1459298,
884,Walkforward1,0.1629575,
885,Walkforward1,0.1799419,
886,Walkforward1,0.1969054,
887,Walkforward1,0.2139079,
888,Walkforward1,0.2478841,
889,Walkforward1,0.2648322,
890,Walkforward1,0.2861494,
891,Walkforward1,0.3031053,
892,Walkforward1,0.3200498,
893,Walkforward1,0.337001,
894,Walkforward1,0.35397,
895,Walkforward1,0.3879131,
896,Walkforward1,0.4048777,
897,Walkforward1,0.4219761,
898,Walkforward1,0.4427324,
899,Walkforward1,0.4598944,
900,Walkforward1,0.4768436,
901,Walkforward1,0.4939058,
902,Walkforward1,0.5278725,
903,Walkforward1,0.544879,
904,Walkforward1,0.5618688,
905,Walkforward1,0.5788682,
906,Walkforward1,0.5995262,
907,Walkforward1,0.6164759,
908,Walkforward1,0.6334255,
909,Walkforward1,0.6678399,
910,Walkforward1,0.6848369,
911,Walkforward1,0.7017849,
912,Walkforward1,0.7188233,
913,Walkforward1,0.7358353,
914,Walkforward1,0.7565572,
915,Walkforward1,0.7738112,
916,Walkforward1,0.8077933,
917,Walkforward1,0.8247697,
918,Walkforward1,0.8417209,
919,Walkforward1,0.8586686,
920,Walkforward1,0.8756174,
921,Walkforward1,0.8927996,
922,Walkforward1,0.9143722,
923,Walkforward1,0.9487783,
924,Walkforward1,0.9657564,
925,Walkforward1,0.9827424,
926,Walkforward1,0.9997362,
927,Walkforward1,1.016726,
928,Walkforward1,1.033819,
929,Walkforward1,1.050763,
930,Walkforward1,1.088786,
931,Walkforward1,1.105785,
932,Walkforward1,1.122739,
933,Walkforward1,1.139752,
934,Walkforward1,1.1567,
935,Walkforward1,1.173773,
936,Walkforward1,1.207721,
937,Walkforward1,1.207721,
938,Walkforward1,1.247981,
939,Walkforward1,1.264931,
940,Walkforward1,1.28188,
941,Walkforward1,1.298828,
942,Walkforward1,1.315779,
943,Walkforward1,1.332727,
944,Walkforward1,1.366787,
945,Walkforward1,1.38756,
946,Walkforward1,1.404512,
947,Walkforward1,1.421691,
948,Walkforward1,1.438674,
949,Walkforward1,1.455679,
950,Walkforward1,1.472655,
951,Walkforward1,1.50665,
952,Walkforward1,1.523663,
953,Walkforward1,1.544957,
954,Walkforward1,1.561908,
955,Walkforward1,1.578856,
956,Walkforward1,1.595805,
957,Walkforward1,1.613594,
958,Walkforward1,1.647492,
959,Walkforward1,1.664592,
960,Walkforward1,1.681541,
961,Walkforward1,1.703787,
962,Walkforward1,1.720741,
963,Walkforward1,1.737687,
964,Walkforward1,1.754968,
965,Walkforward1,1.788928,
966,Walkforward1,1.805893,
967,Walkforward1,1.82287,
968,Walkforward1,1.83986,
969,Walkforward1,1.861204,
970,Walkforward1,1.878822,
971,Walkforward1,1.895852,
972,Walkforward1,1.912803,
973,Walkforward1,1.946795,
974,Walkforward1,1.963842,
975,Walkforward1,1.980861,
976,Walkforward1,1.997809,
977,Walkforward1,2.019227,
978,Walkforward1,2.036178,
979,Walkforward1,2.053127,
980,Walkforward1,2.087812,
981,Walkforward1,2.104815,
982,Walkforward1,2.121763,
983,Walkforward1,2.138839,
984,Walkforward1,2.155833,
985,Walkforward1,2.176501,
986,Walkforward1,2.193451,
987,Walkforward1,2.227791,
988,Walkforward1,2.244741,
989,Walkforward1,2.261771,
990,Walkforward1,2.278783,
991,Walkforward1,2.295826,
992,Walkforward1,2.312776,
993,Walkforward1,2.337324,
994,Walkforward1,2.354726,
995,Walkforward1,2.388707,
996,Walkforward1,2.405656,
997,Walkforward1,2.422699,
998,Walkforward1,2.43974,
999,Walkforward1,2.43974,
1000,Walkforward1,2.47384,
1001,Walkforward1,2.494137,
1002,Walkforward1,2.528683,
1003,Walkforward1,2.545633,
1004,Walkforward1,2.562706,
1005,Walkforward1,2.579686,
1006,Walkforward1,2.596712,
1007,Walkforward1,2.61366,
1008,Walkforward1,2.630664,
1009,Walkforward1,2.668825,
1010,Walkforward1,2.685774,
1011,Walkforward1,2.702724,
1012,Walkforward1,2.719673,
1013,Walkforward1,2.736656,
1014,Walkforward1,2.753647,
1015,Walkforward1,2.787647,
1016,Walkforward1,2.809105,
1017,Walkforward1,2.826055,
1018,Walkforward1,2.843004,
1019,Walkforward1,2.860625,
1020,Walkforward1,2.877637,
1021,Walkforward1,2.894585,
1022,Walkforward1,2.928574,
1023,Walkforward1,2.94554,
1024,Walkforward1,2.969022,
1025,Walkforward1,2.985974,
1026,Walkforward1,3.002922,
1027,Walkforward1,3.019871,
1028,Walkforward1,3.03682,
1029,Walkforward1,3.05377,
1030,Walkforward1,3.08767,
1031,Walkforward1,3.104618,
1032,Walkforward1,3.125116,
1033,Walkforward1,3.142399,
1034,Walkforward1,3.159348,
1035,Walkforward1,3.176461,
1036,Walkforward1,3.193469,
1037,Walkforward1,3.227365,
1038,Walkforward1,3.244463,
1039,Walkforward1,3.26141,
1040,Walkforward1,3.28223,
1041,Walkforward1,3.299182,
1042,Walkforward1,3.31641,
1043,Walkforward1,3.333355,
1044,Walkforward1,3.367321,
1045,Walkforward1,3.384302,
1046,Walkforward1,3.401279,
1047,Walkforward1,3.418274,
1048,Walkforward1,3.439604,
1049,Walkforward1,3.456553,
1050,Walkforward1,3.473503,
1051,Walkforward1,3.507402,
1052,Walkforward1,3.524392,
1053,Walkforward1,3.541341,
1054,Walkforward1,3.558288,
1055,Walkforward1,3.575237,
1056,Walkforward1,3.596844,
1057,Walkforward1,3.614181,
1058,Walkforward1,3.648183,
1059,Walkforward1,3.665256,
1060,Walkforward1,3.682265,
1061,Walkforward1,3.699265,
1062,Walkforward1,3.71626,
1063,Walkforward1,3.733233,
1064,Walkforward1,3.755967,
1065,Walkforward1,3.773233,
1066,Walkforward1,3.807168,
1067,Walkforward1,3.824256,
1068,Walkforward1,3.841238,
1069,Walkforward1,3.858208,
1070,Walkforward1,3.875156,
1071,Walkforward1,3.892201,
1072,Walkforward1,3.912801,
1073,Walkforward1,3.94719,
1074,Walkforward1,3.964201,
1075,Walkforward1,3.981219,
1076,Walkforward1,3.998155,
1077,Walkforward1,4.015152,
1078,Walkforward1,4.032101,
1079,Walkforward1,4.04921,
1080,Walkforward1,4.087401,
1081,Walkforward1,4.104351,
1082,Walkforward1,4.1213,
1083,Walkforward1,4.13825,
1084,Walkforward1,4.155207,
1085,Walkforward1,4.189188,
1086,Walkforward1,4.206178,
1087,Walkforward1,4.206178,
1088,Walkforward1,4.247428,
1089,Walkforward1,4.264379,
1090,Walkforward1,4.281326,
1091,Walkforward1,4.298276,
1092,Walkforward1,4.315225,
1093,Walkforward1,4.34913,
1094,Walkforward1,4.366138,
1095,Walkforward1,4.366138,
1096,Walkforward1,4.40619,
1097,Walkforward1,4.423139,
1098,Walkforward1,4.440087,
1099,Walkforward1,4.457036,
1100,Walkforward1,4.474046,
1101,Walkforward1,4.508064,
1102,Walkforward1,4.525063,
1103,Walkforward1,4.545763,
1104,Walkforward1,4.563006,
1105,Walkforward1,4.580039,
1106,Walkforward1,4.59699,
1107,Walkforward1,4.614001,
1108,Walkforward1,4.647971,
1109,Walkforward1,4.66492,
1110,Walkforward1,4.68187,
1111,Walkforward1,4.704401,
1112,Walkforward1,4.721351,
1113,Walkforward1,4.738904,
1114,Walkforward1,4.755904,
1115,Walkforward1,4.772855,
1116,Walkforward1,4.806754,
1117,Walkforward1,4.823938,
1118,Walkforward1,4.840885,
1119,Walkforward1,4.861917,
1120,Walkforward1,4.878867,
1121,Walkforward1,4.895834,
1122,Walkforward1,4.912784,
1123,Walkforward1,4.946872,
1124,Walkforward1,4.963828,
1125,Walkforward1,4.980789,
1126,Walkforward1,4.99774,
1127,Walkforward1,5.019137,
1128,Walkforward1,5.036088,
1129,Walkforward1,5.053038,
1130,Walkforward1,5.086935,
1131,Walkforward1,5.103884,
1132,Walkforward1,5.120839,
1133,Walkforward1,5.137912,
1134,Walkforward1,5.15486,
1135,Walkforward1,5.175532,
1136,Walkforward1,5.192484,
1137,Walkforward1,5.227077,
1138,Walkforward1,5.244054,
1139,Walkforward1,5.261001,
1140,Walkforward1,5.278025,
1141,Walkforward1,5.294985,
1142,Walkforward1,5.312035,
1143,Walkforward1,5.333632,
1144,Walkforward1,5.367976,
1145,Walkforward1,5.384928,
1146,Walkforward1,5.401935,
1147,Walkforward1,5.418918,
1148,Walkforward1,5.435866,
1149,Walkforward1,5.452911,
1150,Walkforward2,0,
1151,Walkforward2,0.01705582,
1152,Walkforward2,0.05106126,
1153,Walkforward2,0.0680255,
1154,Walkforward2,0.0850004,
1155,Walkforward2,0.1020191,
1156,Walkforward2,0.1190204,
1157,Walkforward2,0.1359693,
1158,Walkforward2,0.161225,
1159,Walkforward2,0.1781754,
1160,Walkforward2,0.1951246,
1161,Walkforward2,0.229048,
1162,Walkforward2,0.2460548,
1163,Walkforward2,0.2630206,
1164,Walkforward2,0.2800334,
1165,Walkforward2,0.2970699,
1166,Walkforward2,0.3186133,
1167,Walkforward2,0.3359924,
1168,Walkforward2,0.3699643,
1169,Walkforward2,0.3869708,
1170,Walkforward2,0.40404,
1171,Walkforward2,0.4209869,
1172,Walkforward2,0.4379712,
1173,Walkforward2,0.4549193,
1174,Walkforward2,0.4765618,
1175,Walkforward2,0.5109166,
1176,Walkforward2,0.5279254,
1177,Walkforward2,0.5449272,
1178,Walkforward2,0.5618784,
1179,Walkforward2,0.5788261,
1180,Walkforward2,0.5959004,
1181,Walkforward2,0.6129251,
1182,Walkforward2,0.6344993,
1183,Walkforward2,0.6683981,
1184,Walkforward2,0.6858305,
1185,Walkforward2,0.7028358,
1186,Walkforward2,0.7198284,
1187,Walkforward2,0.7368535,
1188,Walkforward2,0.7709197,
1189,Walkforward2,0.7709197,
1190,Walkforward2,0.810115,
1191,Walkforward2,0.8270638,
1192,Walkforward2,0.8440142,
1193,Walkforward2,0.860963,
1194,Walkforward2,0.8779126,
1195,Walkforward2,0.8948611,
1196,Walkforward2,0.9287804,
1197,Walkforward2,0.9494308,
1198,Walkforward2,0.9667469,
1199,Walkforward2,0.9837884,
1200,Walkforward2,1.000787,
1201,Walkforward2,1.017771,
1202,Walkforward2,1.034768,
1203,Walkforward2,1.068792,
1204,Walkforward2,1.085776,
1205,Walkforward2,1.107375,
1206,Walkforward2,1.12475,
1207,Walkforward2,1.141741,
1208,Walkforward2,1.158735,
1209,Walkforward2,1.175801,
1210,Walkforward2,1.209843,
1211,Walkforward2,1.226792,
1212,Walkforward2,1.243759,
1213,Walkforward2,1.268967,
1214,Walkforward2,1.285917,
1215,Walkforward2,1.302866,
1216,Walkforward2,1.319815,
1217,Walkforward2,1.336766,
1218,Walkforward2,1.370696,
1219,Walkforward2,1.38769,
1220,Walkforward2,1.404714,
1221,Walkforward2,1.426665,
1222,Walkforward2,1.443683,
1223,Walkforward2,1.460756,
1224,Walkforward2,1.477759,
1225,Walkforward2,1.494742,
1226,Walkforward2,1.528724,
1227,Walkforward2,1.5457,
1228,Walkforward2,1.562717,
1229,Walkforward2,1.584527,
1230,Walkforward2,1.601673,
1231,Walkforward2,1.618691,
1232,Walkforward2,1.635654,
1233,Walkforward2,1.669639,
1234,Walkforward2,1.686606,
1235,Walkforward2,1.703554,
1236,Walkforward2,1.720582,
1237,Walkforward2,1.741969,
1238,Walkforward2,1.758928,
1239,Walkforward2,1.776567,
1240,Walkforward2,1.810576,
1241,Walkforward2,1.827578,
1242,Walkforward2,1.844557,
1243,Walkforward2,1.861534,
1244,Walkforward2,1.878633,
1245,Walkforward2,1.900881,
1246,Walkforward2,1.917831,
1247,Walkforward2,1.934782,
1248,Walkforward2,1.96868,
1249,Walkforward2,1.985628,
1250,Walkforward2,2.002619,
1251,Walkforward2,2.019591,
1252,Walkforward2,2.036585,
1253,Walkforward2,2.058637,
1254,Walkforward2,2.075588,
1255,Walkforward2,2.109572,
1256,Walkforward2,2.126553,
1257,Walkforward2,2.14361,
1258,Walkforward2,2.16057,
1259,Walkforward2,2.177561,
1260,Walkforward2,2.194551,
1261,Walkforward2,2.216204,
1262,Walkforward2,2.250103,
1263,Walkforward2,2.267052,
1264,Walkforward2,2.284557,
1265,Walkforward2,2.30157,
1266,Walkforward2,2.318578,
1267,Walkforward2,2.335573,
1268,Walkforward2,2.352538,
1269,Walkforward2,2.374461,
1270,Walkforward2,2.408487,
1271,Walkforward2,2.425527,
1272,Walkforward2,2.442497,
1273,Walkforward2,2.459488,
1274,Walkforward2,2.476458,
1275,Walkforward2,2.51042,
1276,Walkforward2,2.51042,
1277,Walkforward2,2.550076,
1278,Walkforward2,2.567526,
1279,Walkforward2,2.584476,
1280,Walkforward2,2.584476,
1281,Walkforward2,2.617653,
1282,Walkforward2,2.634603,
1283,Walkforward2,2.668503,
1284,Walkforward2,2.668503,
1285,Walkforward2,2.708954,
1286,Walkforward2,2.725904,
1287,Walkforward2,2.742852,
1288,Walkforward2,2.760393,
1289,Walkforward2,2.777359,
1290,Walkforward2,2.811348,
1291,Walkforward2,2.82835,
1292,Walkforward2,2.849475,
1293,Walkforward2,2.866426,
1294,Walkforward2,2.883374,
1295,Walkforward2,2.900339,
1296,Walkforward2,2.917337,
1297,Walkforward2,2.951367,
1298,Walkforward2,2.968325,
1299,Walkforward2,2.985334,
1300,Walkforward2,3.008255,
1301,Walkforward2,3.025293,
1302,Walkforward2,3.042301,
1303,Walkforward2,3.059293,
1304,Walkforward2,3.076281,
1305,Walkforward2,3.110247,
1306,Walkforward2,3.127252,
1307,Walkforward2,3.144232,
1308,Walkforward2,3.166256,
1309,Walkforward2,3.183206,
1310,Walkforward2,3.200208,
1311,Walkforward2,3.217159,
1312,Walkforward2,3.251149,
1313,Walkforward2,3.268155,
1314,Walkforward2,3.285146,
1315,Walkforward2,3.302095,
1316,Walkforward2,3.324157,
1317,Walkforward2,3.341109,
1318,Walkforward2,3.358109,
1319,Walkforward2,3.375094,
1320,Walkforward2,3.409083,
1321,Walkforward2,3.426087,
1322,Walkforward2,3.443104,
1323,Walkforward2,3.460071,
1324,Walkforward2,3.49078,
1325,Walkforward2,3.507732,
1326,Walkforward2,3.524679,
1327,Walkforward2,3.542073,
1328,Walkforward2,3.559036,
1329,Walkforward2,3.57601,
1330,Walkforward2,3.609995,
1331,Walkforward2,3.626945,
1332,Walkforward4,0,
1333,Walkforward4,0.01703726,
1334,Walkforward4,0.03409545,
1335,Walkforward4,0.05642599,
1336,Walkforward4,0.07351023,
1337,Walkforward4,0.09044959,
1338,Walkforward4,0.1251648,
1339,Walkforward4,0.1421136,
1340,Walkforward4,0.1590538,
1341,Walkforward4,0.1761112,
1342,Walkforward4,0.1930956,
1343,Walkforward4,0.2179956,
1344,Walkforward4,0.2350996,
1345,Walkforward4,0.2521392,
1346,Walkforward4,0.2860546,
1347,Walkforward4,0.303037,
1348,Walkforward4,0.3200569,
1349,Walkforward4,0.3370401,
1350,Walkforward4,0.3540193,
1351,Walkforward4,0.3762694,
1352,Walkforward4,0.3932214,
1353,Walkforward4,0.410169,
1354,Walkforward4,0.4440683,
1355,Walkforward4,0.4610408,
1356,Walkforward4,0.4779896,
1357,Walkforward4,0.4950249,
1358,Walkforward4,0.5120429,
1359,Walkforward4,0.533621,
1360,Walkforward4,0.5505714,
1361,Walkforward4,0.5851107,
1362,Walkforward4,0.6021416,
1363,Walkforward4,0.619079,
1364,Walkforward4,0.636102,
1365,Walkforward4,0.6531267,
1366,Walkforward4,0.6700956,
1367,Walkforward4,0.6941087,
1368,Walkforward4,0.7110855,
1369,Walkforward4,0.7450645,
1370,Walkforward4,0.7620844,
1371,Walkforward4,0.7790324,
1372,Walkforward4,0.7960393,
1373,Walkforward4,0.8130549,
1374,Walkforward4,0.830036,
1375,Walkforward4,0.8519264,
1376,Walkforward4,0.8859911,
1377,Walkforward4,0.9030253,
1378,Walkforward4,0.9199745,
1379,Walkforward4,0.9370291,
1380,Walkforward4,0.9540206,
1381,Walkforward4,0.9710129,
1382,Walkforward4,0.9879969,
1383,Walkforward4,1.0103,
1384,Walkforward4,1.044201,
1385,Walkforward4,1.061149,
1386,Walkforward4,1.078098,
1387,Walkforward4,1.095058,
1388,Walkforward4,1.111998,
1389,Walkforward4,1.145969,
1390,Walkforward4,1.145969,
1391,Walkforward4,1.184252,
1392,Walkforward4,1.2012,
1393,Walkforward4,1.218152,
1394,Walkforward4,1.235099,
1395,Walkforward4,1.252049,
1396,Walkforward4,1.285988,
1397,Walkforward4,1.302976,
1398,Walkforward4,1.325345,
1399,Walkforward4,1.342296,
1400,Walkforward4,1.359969,
1401,Walkforward4,1.377001,
1402,Walkforward4,1.393995,
1403,Walkforward4,1.411036,
1404,Walkforward4,1.445072,
1405,Walkforward4,1.462035,
1406,Walkforward4,1.483647,
1407,Walkforward4,1.501028,
1408,Walkforward4,1.517978,
1409,Walkforward4,1.535019,
1410,Walkforward4,1.552055,
1411,Walkforward4,1.586016,
1412,Walkforward4,1.602968,
1413,Walkforward4,1.620024,
1414,Walkforward4,1.642457,
1415,Walkforward4,1.659407,
1416,Walkforward4,1.676356,
1417,Walkforward4,1.693306,
1418,Walkforward4,1.710256,
1419,Walkforward4,1.744162,
1420,Walkforward4,1.761103,
1421,Walkforward4,1.778052,
1422,Walkforward4,1.79955,
1423,Walkforward4,1.816918,
1424,Walkforward4,1.833909,
1425,Walkforward4,1.850894,
1426,Walkforward4,1.884901,
1427,Walkforward4,1.901849,
1428,Walkforward4,1.918856,
1429,Walkforward4,1.935807,
1430,Walkforward4,1.959591,
1431,Walkforward4,1.97684,
1432,Walkforward4,1.993829,
1433,Walkforward4,2.010811,
1434,Walkforward4,2.044795,
1435,Walkforward4,2.061783,
1436,Walkforward4,2.078779,
1437,Walkforward4,2.095742,
1438,Walkforward4,2.1176,
1439,Walkforward4,2.134825,
1440,Walkforward4,2.151833,
1441,Walkforward4,2.185817,
1442,Walkforward4,2.202828,
1443,Walkforward4,2.219829,
1444,Walkforward4,2.236882,
1445,Walkforward4,2.253829,
1446,Walkforward4,2.276528,
1447,Walkforward4,2.293479,
1448,Walkforward4,2.310429,
1449,Walkforward4,2.344327,
1450,Walkforward4,2.361739,
1451,Walkforward4,2.378711,
1452,Walkforward4,2.395661,
1453,Walkforward4,2.41274,
1454,Walkforward4,2.434043,
1455,Walkforward4,2.450993,
1456,Walkforward4,2.484891,
1457,Walkforward4,2.50184,
1458,Walkforward4,2.518838,
1459,Walkforward4,2.535785,
1460,Walkforward4,2.552736,
1461,Walkforward4,2.569729,
1462,Walkforward4,2.592936,
1463,Walkforward4,2.61073,
1464,Walkforward4,2.644739,
1465,Walkforward4,2.661689,
1466,Walkforward4,2.678665,
1467,Walkforward4,2.695629,
1468,Walkforward4,2.71267,
1469,Walkforward4,2.729622,
1470,Walkforward4,2.751865,
1471,Walkforward4,2.76961,
1472,Walkforward4,2.803539,
1473,Walkforward4,2.820617,
1474,Walkforward4,2.837567,
1475,Walkforward4,2.854659,
1476,Walkforward4,2.871667,
1477,Walkforward4,2.888627,
1478,Walkforward4,2.912824,
1479,Walkforward4,2.929774,
1480,Walkforward4,2.963674,
1481,Walkforward4,2.980624,
1482,Walkforward4,2.997581,
1483,Walkforward4,3.014532,
1484,Walkforward4,3.031617,
1485,Walkforward4,3.048628,
1486,Walkforward4,3.070539,
1487,Walkforward4,3.10461,
1488,Walkforward4,3.121573,
1489,Walkforward4,3.138522,
1490,Walkforward4,3.155719,
1491,Walkforward4,3.172713,
1492,Walkforward4,3.189686,
1493,Walkforward4,3.206681,
1494,Walkforward4,3.230447,
1495,Walkforward4,3.264726,
1496,Walkforward4,3.281676,
1497,Walkforward4,3.298782,
1498,Walkforward4,3.315742,
1499,Walkforward4,3.332718,
1500,Walkforward4,3.349718,
1501,Walkforward4,3.366715,
1502,Walkforward4,3.405492,
1503,Walkforward4,3.422682,
1504,Walkforward4,3.43967,
1505,Walkforward4,3.456624,
1506,Walkforward4,3.473711,
1507,Walkforward4,3.490751,
1508,Walkforward4,3.524747,
1509,Walkforward4,3.524747,
1510,Walkforward4,3.564696,
1511,Walkforward5,0,
1512,Walkforward5,0.01705424,
1513,Walkforward5,0.03871251,
1514,Walkforward5,0.05566254,
1515,Walkforward5,0.07261176,
1516,Walkforward5,0.1069512,
1517,Walkforward5,0.1239008,
1518,Walkforward5,0.1408504,
1519,Walkforward5,0.1577993,
1520,Walkforward5,0.1749356,
1521,Walkforward5,0.1986103,
1522,Walkforward5,0.2159089,
1523,Walkforward5,0.2328822,
1524,Walkforward5,0.266873,
1525,Walkforward5,0.2838238,
1526,Walkforward5,0.3008528,
1527,Walkforward5,0.3178743,
1528,Walkforward5,0.3348563,
1529,Walkforward5,0.3571639,
1530,Walkforward5,0.3741143,
1531,Walkforward5,0.3910632,
1532,Walkforward5,0.424962,
1533,Walkforward5,0.4419113,
1534,Walkforward5,0.4588759,
1535,Walkforward5,0.4758425,
1536,Walkforward5,0.4927968,
1537,Walkforward5,0.5164171,
1538,Walkforward5,0.5337607,
1539,Walkforward5,0.5509523,
1540,Walkforward5,0.5848551,
1541,Walkforward5,0.6018062,
1542,Walkforward5,0.6187531,
1543,Walkforward5,0.6357043,
1544,Walkforward5,0.6526535,
1545,Walkforward5,0.6751179,
1546,Walkforward5,0.6928511,
1547,Walkforward5,0.7268609,
1548,Walkforward5,0.7438059,
1549,Walkforward5,0.7608376,
1550,Walkforward5,0.7778216,
1551,Walkforward5,0.7948044,
1552,Walkforward5,0.8117718,
1553,Walkforward5,0.8117718,
1554,Walkforward5,0.8591424,
1555,Walkforward5,0.8760933,
1556,Walkforward5,0.8930472,
1557,Walkforward5,0.9107022,
1558,Walkforward5,0.9447357,
1559,Walkforward5,0.9616842,
1560,Walkforward5,0.978787,
1561,Walkforward5,1.002682,
1562,Walkforward5,1.019632,
1563,Walkforward5,1.036834,
1564,Walkforward5,1.053807,
1565,Walkforward5,1.070841,
1566,Walkforward5,1.104777,
1567,Walkforward5,1.121727,
1568,Walkforward5,1.138768,
1569,Walkforward5,1.16156,
1570,Walkforward5,1.178854,
1571,Walkforward5,1.195813,
1572,Walkforward5,1.212765,
1573,Walkforward5,1.246716,
1574,Walkforward5,1.263664,
1575,Walkforward5,1.280782,
1576,Walkforward5,1.297833,
1577,Walkforward5,1.32136,
1578,Walkforward5,1.338311,
1579,Walkforward5,1.355852,
1580,Walkforward5,1.372846,
1581,Walkforward5,1.406874,
1582,Walkforward5,1.423955,
1583,Walkforward5,1.440959,
1584,Walkforward5,1.458094,
1585,Walkforward5,1.481136,
1586,Walkforward5,1.498087,
1587,Walkforward5,1.515036,
1588,Walkforward5,1.53199,
1589,Walkforward5,1.565998,
1590,Walkforward5,1.58295,
1591,Walkforward5,1.5999,
1592,Walkforward5,1.617075,
1593,Walkforward5,1.639616,
1594,Walkforward5,1.656566,
1595,Walkforward5,1.674044,
1596,Walkforward5,1.691034,
1597,Walkforward5,1.725029,
1598,Walkforward5,1.742081,
1599,Walkforward5,1.75903,
1600,Walkforward5,1.77601,
1601,Walkforward5,1.79953,
1602,Walkforward5,1.81648,
1603,Walkforward5,1.833431,
1604,Walkforward5,1.850378,
1605,Walkforward5,1.884956,
1606,Walkforward5,1.901917,
1607,Walkforward5,1.919067,
1608,Walkforward5,1.936017,
1609,Walkforward5,1.958838,
1610,Walkforward5,1.975889,
1611,Walkforward5,1.992886,
1612,Walkforward5,2.026838,
1613,Walkforward5,2.043788,
1614,Walkforward5,2.060826,
1615,Walkforward5,2.07788,
1616,Walkforward5,2.094847,
1617,Walkforward5,2.117873,
1618,Walkforward5,2.134825,
1619,Walkforward5,2.151772,
1620,Walkforward5,2.186315,
1621,Walkforward5,2.203303,
1622,Walkforward5,2.220305,
1623,Walkforward5,2.237302,
1624,Walkforward5,2.254319,
1625,Walkforward5,2.277685,
1626,Walkforward5,2.294635,
1627,Walkforward5,2.311586,
1628,Walkforward5,2.346242,
1629,Walkforward5,2.363213,
1630,Walkforward5,2.380198,
1631,Walkforward5,2.397201,
1632,Walkforward5,2.414305,
1633,Walkforward5,2.436661,
1634,Walkforward5,2.45361,
1635,Walkforward5,2.47056,
1636,Walkforward5,2.505241,
1637,Walkforward5,2.522234,
1638,Walkforward5,2.539184,
1639,Walkforward5,2.556215,
1640,Walkforward5,2.573162,
1641,Walkforward5,2.595599,
1642,Walkforward5,2.613148,
1643,Walkforward5,2.63013,
1644,Walkforward5,2.664185,
1645,Walkforward5,2.681236,
1646,Walkforward5,2.698184,
1647,Walkforward5,2.715197,
1648,Walkforward5,2.732134,
1649,Walkforward5,2.754527,
1650,Walkforward5,2.771477,
1651,Walkforward5,2.805375,
1652,Walkforward5,2.822325,
1653,Walkforward6,0,
1654,Walkforward6,0.03404413,
1655,Walkforward6,0.05102376,
1656,Walkforward6,0.06801523,
1657,Walkforward6,0.08496446,
1658,Walkforward6,0.1020148,
1659,Walkforward6,0.1258505,
1660,Walkforward6,0.1430109,
1661,Walkforward6,0.1600044,
1662,Walkforward6,0.1938957,
1663,Walkforward6,0.2109413,
1664,Walkforward6,0.2279268,
1665,Walkforward6,0.244976,
1666,Walkforward6,0.2619722,
1667,Walkforward6,0.2843639,
1668,Walkforward6,0.3019724,
1669,Walkforward6,0.3189248,
1670,Walkforward6,0.3529278,
1671,Walkforward6,0.3698775,
1672,Walkforward6,0.3868263,
1673,Walkforward6,0.4039038,
1674,Walkforward6,0.4208527,
1675,Walkforward6,0.4440912,
1676,Walkforward6,0.4610432,
1677,Walkforward6,0.4779912,
1678,Walkforward6,0.5118885,
1679,Walkforward6,0.5288381,
1680,Walkforward6,0.5458264,
1681,Walkforward6,0.5627741,
1682,Walkforward6,0.5797857,
1683,Walkforward6,0.6021952,
1684,Walkforward6,0.61975,
1685,Walkforward6,0.6537108,
1686,Walkforward6,0.6707812,
1687,Walkforward6,0.6877952,
1688,Walkforward6,0.7047949,
1689,Walkforward6,0.7218026,
1690,Walkforward6,0.7387515,
1691,Walkforward6,0.7665206,
1692,Walkforward6,0.7834706,
1693,Walkforward6,0.8004214,
1694,Walkforward6,0.8173711,
1695,Walkforward6,0.8516871,
1696,Walkforward6,0.8687047,
1697,Walkforward6,0.8856807,
1698,Walkforward6,0.9026845,
1699,Walkforward6,0.925559,
1700,Walkforward6,0.942509,
1701,Walkforward6,0.9596343,
1702,Walkforward6,0.9936689,
1703,Walkforward6,1.010619,
1704,Walkforward6,1.02762,
1705,Walkforward6,1.044637,
1706,Walkforward6,1.061636,
1707,Walkforward6,1.08478,
1708,Walkforward6,1.101731,
1709,Walkforward6,1.118679,
1710,Walkforward6,1.152579,
1711,Walkforward6,1.169528,
1712,Walkforward6,1.186601,
1713,Walkforward6,1.20359,
1714,Walkforward6,1.220565,
1715,Walkforward6,1.24416,
1716,Walkforward6,1.261561,
1717,Walkforward6,1.278508,
1718,Walkforward6,1.312502,
1719,Walkforward6,1.329509,
1720,Walkforward6,1.346475,
1721,Walkforward6,1.363497,
1722,Walkforward6,1.380502,
1723,Walkforward6,1.404052,
1724,Walkforward6,1.421001,
1725,Walkforward6,1.438439,
1726,Walkforward6,1.472462,
1727,Walkforward6,1.489461,
1728,Walkforward6,1.506409,
1729,Walkforward6,1.523438,
1730,Walkforward6,1.540456,
1731,Walkforward6,1.562687,
1732,Walkforward6,1.579638,
1733,Walkforward6,1.613537,
1734,Walkforward6,1.630485,
1735,Walkforward6,1.647436,
1736,Walkforward6,1.664427,
1737,Walkforward6,1.681402,
1738,Walkforward6,1.698394,
1739,Walkforward6,1.720747,
1740,Walkforward6,1.738389,
1741,Walkforward6,1.772376,
1742,Walkforward6,1.789331,
1743,Walkforward6,1.806333,
1744,Walkforward6,1.823308,
1745,Walkforward6,1.840308,
1746,Walkforward6,1.857306,
1747,Walkforward6,1.880273,
1748,Walkforward6,1.897278,
1749,Walkforward6,1.93129,
1750,Walkforward6,1.948283,
1751,Walkforward6,1.96533,
1752,Walkforward6,1.9823,
1753,Walkforward6,1.99925,
1754,Walkforward6,2.016275,
1755,Walkforward6,2.039969,
1756,Walkforward6,2.073869,
1757,Walkforward6,2.090817,
1758,Walkforward6,2.108308,
1759,Walkforward6,2.125322,
1760,Walkforward6,2.142318,
1761,Walkforward6,2.159311,
1762,Walkforward6,2.176286,
1763,Walkforward6,2.198846,
1764,Walkforward6,2.232747,
1765,Walkforward6,2.249695,
1766,Walkforward6,2.266644,
1767,Walkforward6,2.283593,
1768,Walkforward6,2.300544,
1769,Walkforward6,2.317492,
1770,Walkforward6,2.334441,
1771,Walkforward6,2.3586,
1772,Walkforward6,2.392498,
1773,Walkforward6,2.409447,
1774,Walkforward6,2.426487,
1775,Walkforward6,2.443425,
1776,Walkforward6,2.460404,
1777,Walkforward6,2.477373,
1778,Walkforward6,2.494364,
1779,Walkforward6,2.518078,
1780,Walkforward6,2.552288,
1781,Walkforward6,2.569238,
1782,Walkforward6,2.586355,
1783,Walkforward6,2.603344,
1784,Walkforward6,2.620332,
1785,Walkforward6,2.637281,
1786,Walkforward6,2.65433,
1787,Walkforward6,2.67808,
1788,Walkforward6,2.711981,
1789,Walkforward6,2.728928,
1790,Walkforward6,2.745877,
1791,Walkforward6,2.763267,
1792,Walkforward6,2.78026,
1793,Walkforward6,2.797272,
1794,Walkforward6,2.814237,
1795,Walkforward6,2.85367,
1796,Walkforward6,2.871196,
1797,Walkforward6,2.888142,
1798,Walkforward6,2.90517,
1799,Walkforward6,2.922143,
1800,Walkforward6,2.939111,
1801,Walkforward6,2.973137,
1802,Walkforward6,2.973137,
1803,Walkforward6,3.014077,
1804,Walkforward6,3.031028,
1805,Walkforward6,3.047976,
1806,Walkforward6,3.065094,
1807,Walkforward7,0,
1808,Walkforward7,0.01695002,
1809,Walkforward7,0.03402597,
1810,Walkforward7,0.06801089,
1811,Walkforward7,0.08496249,
1812,Walkforward7,0.101909,
1813,Walkforward7,0.1189881,
1814,Walkforward7,0.1359491,
1815,Walkforward7,0.1529517,
1816,Walkforward7,0.1699708,
1817,Walkforward7,0.1982404,
1818,Walkforward7,0.2158327,
1819,Walkforward7,0.2328526,
1820,Walkforward7,0.2668754,
1821,Walkforward7,0.2838235,
1822,Walkforward7,0.3008209,
1823,Walkforward7,0.3177784,
1824,Walkforward7,0.3347738,
1825,Walkforward7,0.3569804,
1826,Walkforward7,0.3739304,
1827,Walkforward7,0.4078288,
1828,Walkforward7,0.4247781,
1829,Walkforward7,0.4417281,
1830,Walkforward7,0.4586782,
1831,Walkforward7,0.4757119,
1832,Walkforward7,0.4926615,
1833,Walkforward7,0.5196024,
1834,Walkforward7,0.5196024,
1835,Walkforward7,0.5530848,
1836,Walkforward7,0.5869841,
1837,Walkforward7,0.6039338,
1838,Walkforward7,0.6209051,
1839,Walkforward7,0.637889,
1840,Walkforward7,0.6548619,
1841,Walkforward7,0.6795294,
1842,Walkforward7,0.696896,
1843,Walkforward7,0.7138452,
1844,Walkforward7,0.7478352,
1845,Walkforward7,0.764835,
1846,Walkforward7,0.781849,
1847,Walkforward7,0.7988523,
1848,Walkforward7,0.8158524,
1849,Walkforward7,0.8383096,
1850,Walkforward7,0.8552597,
1851,Walkforward7,0.8891582,
1852,Walkforward7,0.9061083,
1853,Walkforward7,0.9230571,
1854,Walkforward7,0.940006,
1855,Walkforward7,0.9569552,
1856,Walkforward7,0.9739274,
1857,Walkforward7,0.9975401,
1858,Walkforward7,1.014882,
1859,Walkforward7,1.048772,
1860,Walkforward7,1.065968,
1861,Walkforward7,1.082916,
1862,Walkforward7,1.099943,
1863,Walkforward7,1.116934,
1864,Walkforward7,1.133897,
1865,Walkforward7,1.15716,
1866,Walkforward7,1.174109,
1867,Walkforward7,1.208008,
1868,Walkforward7,1.224957,
1869,Walkforward7,1.242571,
1870,Walkforward7,1.259581,
1871,Walkforward7,1.27653,
1872,Walkforward7,1.293535,
1873,Walkforward7,1.318114,
1874,Walkforward7,1.335198,
1875,Walkforward7,1.369137,
1876,Walkforward7,1.386087,
1877,Walkforward7,1.403036,
1878,Walkforward7,1.419985,
1879,Walkforward7,1.436936,
1880,Walkforward7,1.453885,
1881,Walkforward7,1.477064,
1882,Walkforward7,1.494014,
1883,Walkforward7,1.527911,
1884,Walkforward7,1.544862,
1885,Walkforward7,1.56181,
1886,Walkforward7,1.578759,
1887,Walkforward7,1.595709,
1888,Walkforward7,1.612659,
1889,Walkforward7,1.635714,
1890,Walkforward7,1.652665,
1891,Walkforward7,1.686567,
1892,Walkforward7,1.703567,
1893,Walkforward7,1.720566,
1894,Walkforward7,1.737525,
1895,Walkforward7,1.754531,
1896,Walkforward7,1.77151,
1897,Walkforward7,1.79789,
1898,Walkforward7,1.815597,
1899,Walkforward7,1.83259,
1900,Walkforward7,1.866621,
1901,Walkforward7,1.883569,
1902,Walkforward7,1.900563,
1903,Walkforward7,1.917573,
1904,Walkforward7,1.934541,
1905,Walkforward7,1.958996,
1906,Walkforward7,1.976554,
1907,Walkforward7,1.993506,
1908,Walkforward7,2.02804,
1909,Walkforward7,2.044988,
1910,Walkforward7,2.062469,
1911,Walkforward7,2.079441,
1912,Walkforward7,2.096391,
1913,Walkforward7,2.119707,
1914,Walkforward7,2.136802,
1915,Walkforward7,2.153784,
1916,Walkforward7,2.187687,
1917,Walkforward7,2.204806,
1918,Walkforward7,2.221814,
1919,Walkforward7,2.238851,
1920,Walkforward7,2.255801,
1921,Walkforward7,2.28181,
1922,Walkforward7,2.29876,
1923,Walkforward7,2.315837,
1924,Walkforward7,2.332785,
1925,Walkforward7,2.366803,
1926,Walkforward7,2.383775,
1927,Walkforward7,2.400821,
1928,Walkforward7,2.417805,
1929,Walkforward7,2.442572,
1930,Walkforward7,2.459772,
1931,Walkforward7,2.476745,
1932,Walkforward7,2.49375,
1933,Walkforward7,2.529062,
1934,Walkforward7,2.547071,
1935,Walkforward7,2.564021,
1936,Walkforward7,2.580971,
1937,Walkforward7,2.604988,
1938,Walkforward7,2.621938,
1939,Walkforward7,2.638887,
1940,Walkforward7,2.656637,
1941,Walkforward7,2.673586,
1942,Walkforward7,2.707626,
1943,Walkforward7,2.725288,
1944,Walkforward7,2.742272,
1945,Walkforward7,2.767999,
1946,Walkforward7,2.78495,
1947,Walkforward7,2.802273,
1948,Walkforward7,2.819261,
1949,Walkforward7,2.836284,
1950,Walkforward7,2.853252,
1951,Walkforward7,2.887293,
1952,Walkforward7,2.904242,
1953,Walkforward7,2.928561,
1954,Walkforward7,2.946254,
1955,Walkforward7,2.963212,
1956,Walkforward7,2.980262,
1957,Walkforward7,2.997211,
1958,Walkforward7,3.014172,
1959,Walkforward7,3.04815,
1960,Walkforward7,3.065154,
1961,Walkforward7,3.088379,
1962,Walkforward7,3.10533,
1963,Walkforward7,3.122279,
1964,Walkforward7,3.139227,
1965,Walkforward7,3.156195,
1966,Walkforward7,3.173189,
1967,Walkforward7,3.207162,
1968,Walkforward7,3.224176,
1969,Walkforward7,3.247975,
1970,Walkforward7,3.264924,
1971,Walkforward7,3.282098,
1972,Walkforward7,3.29907,
